价格档次,电价_元每kWh,承载系数,承载上限_辆,充电站策略概率,电动汽车策略概率,预期车辆数,拥堵因子,拥堵成本,电动汽车成本,充电站利润,容量利用率_百分比
档次1,1.2,0.8,80.0,0.20700857,0.0009991305,0.09991305,0.0,0.0,1.2,0.08992174873128532,0.12489131768234074
档次2,1.0,0.7,70.0,0.2611728,0.13626245,13.626245,0.0,0.0,1.0,9.53837126493454,19.466063805988856
档次3,0.8,0.6,60.0,0.2235488,0.2053496,20.53496,0.0,0.0,0.8,10.267479717731476,34.22493239243825
档次4,0.6,0.5,50.0,0.20884287,0.34585223,34.585224,0.0,0.0,0.6,10.37556678056717,69.17044520378113
档次5,0.4,0.4,40.0,0.09942701,0.3115366,31.153662,0.4505230018070766,0.3044564627358887,1.0089129254717775,2.506453175793177,77.88415253162384
